Dir,Datetime,Camera,Label
E:\Trail_Cameras\Utah\2016-2017\Cam312_121216_Skunk,2016:12:12 09:39:23,312,0
E:\Trail_Cameras\Utah\2016-2017\Cam312_121216_Skunk,2016:12:12 09:39:24,312,0
E:\Trail_Cameras\Utah\2016-2017\Cam312_121216_Skunk,2016:12:12 09:39:25,312,0
E:\Trail_Cameras\Utah\2016-2017\Cam312_121216_Skunk,2016:12:12 09:39:26,312,0
E:\Trail_Cameras\Utah\2016-2017\Cam312_121216_Skunk,2016:12:12 09:39:27,312,0
E:\Trail_Cameras\Utah\2016-2017\Cam312_121216_Skunk,2016:12:12 09:39:28,312,0
E:\Trail_Cameras\Utah\2016-2017\Cam312_121216_Skunk,2016:12:12 09:39:37,312,0
E:\Trail_Cameras\Utah\2016-2017\Cam312_121216_Skunk,2016:12:12 09:39:38,312,0
E:\Trail_Cameras\Utah\2016-2017\Cam312_121216_Skunk,2016:12:12 09:39:40,312,0
E:\Trail_Cameras\Utah\2016-2017\Cam312_121216_Skunk,2016:12:12 09:39:42,312,0
E:\Trail_Cameras\Utah\2016-2017\Cam312_121216_Skunk,2016:12:12 09:39:43,312,0
E:\Trail_Cameras\Utah\2016-2017\Cam312_121216_Skunk,2016:12:12 09:39:45,312,0
E:\Trail_Cameras\Utah\2016-2017\Cam312_121216_Skunk,2016:12:12 09:39:52,312,0
E:\Trail_Cameras\Utah\2016-2017\Cam312_121216_Skunk,2016:12:12 09:39:53,312,0
E:\Trail_Cameras\Utah\2016-2017\Cam312_121216_Skunk,2016:12:12 09:39:55,312,0
E:\Trail_Cameras\Utah\2016-2017\Cam312_121216_Skunk,2016:12:12 09:39:58,312,0
E:\Trail_Cameras\Utah\2016-2017\Cam312_121216_Skunk,2016:12:12 09:39:59,312,0
E:\Trail_Cameras\Utah\2016-2017\Cam312_121216_Skunk,2016:12:12 09:40:01,312,0
E:\Trail_Cameras\Utah\2016-2017\Cam312_121216_Skunk,2016:12:12 09:40:03,312,0
E:\Trail_Cameras\Utah\2016-2017\Cam312_121216_Skunk,2016:12:12 09:40:06,312,0
E:\Trail_Cameras\Utah\2016-2017\Cam312_121216_Skunk,2016:12:12 09:40:07,312,0
E:\Trail_Cameras\Utah\2016-2017\Cam312_121216_Skunk,2016:12:12 09:40:09,312,0
E:\Trail_Cameras\Utah\2016-2017\Cam312_121216_Skunk,2016:12:12 09:40:11,312,0
E:\Trail_Cameras\Utah\2016-2017\Cam312_121216_Skunk,2016:12:12 09:40:12,312,0
E:\Trail_Cameras\Utah\2016-2017\Cam312_121216_Skunk,2016:12:12 09:40:14,312,0
E:\Trail_Cameras\Utah\2016-2017\Cam312_121216_Skunk,2016:12:12 09:40:15,312,0
E:\Trail_Cameras\Utah\2016-2017\Cam312_121216_Skunk,2016:12:12 09:40:17,312,0
E:\Trail_Cameras\Utah\2016-2017\Cam312_121216_Skunk,2016:12:12 09:40:20,312,0
E:\Trail_Cameras\Utah\2016-2017\Cam312_121216_Skunk,2016:12:12 09:40:22,312,0
E:\Trail_Cameras\Utah\2016-2017\Cam312_121216_Skunk,2016:12:12 09:40:23,312,0
E:\Trail_Cameras\Utah\2016-2017\Cam312_121216_Skunk,2016:12:12 09:40:34,312,0
E:\Trail_Cameras\Utah\2016-2017\Cam312_121216_Skunk,2016:12:12 09:40:35,312,0
E:\Trail_Cameras\Utah\2016-2017\Cam312_121216_Skunk,2016:12:12 09:40:36,312,0
E:\Trail_Cameras\Utah\2016-2017\Cam312_121216_Skunk,2016:12:12 09:40:37,312,0
E:\Trail_Cameras\Utah\2016-2017\Cam312_121216_Skunk,2016:12:12 09:40:39,312,0
E:\Trail_Cameras\Utah\2016-2017\Cam312_121216_Skunk,2016:12:12 09:40:40,312,0
E:\Trail_Cameras\Utah\2016-2017\Cam312_121216_Skunk,2016:12:12 09:40:42,312,0
E:\Trail_Cameras\Utah\2016-2017\Cam312_121216_Skunk,2016:12:12 09:40:43,312,0
E:\Trail_Cameras\Utah\2016-2017\Cam312_121216_Skunk,2016:12:12 09:40:44,312,0
E:\Trail_Cameras\Utah\2016-2017\Cam312_121216_Skunk,2016:12:12 09:40:46,312,0
E:\Trail_Cameras\Utah\2016-2017\Cam312_121216_Skunk,2016:12:12 09:40:47,312,0
E:\Trail_Cameras\Utah\2016-2017\Cam312_121216_Skunk,2016:12:12 09:40:48,312,0
E:\Trail_Cameras\Utah\2016-2017\Cam312_121216_Skunk,2016:12:12 09:40:51,312,0
E:\Trail_Cameras\Utah\2016-2017\Cam312_121216_Skunk,2016:12:12 09:40:52,312,0
E:\Trail_Cameras\Utah\2016-2017\Cam312_121216_Skunk,2016:12:12 09:40:53,312,0
E:\Trail_Cameras\Utah\2016-2017\Cam312_121216_Skunk,2016:12:12 09:40:54,312,0
E:\Trail_Cameras\Utah\2016-2017\Cam312_121216_Skunk,2016:12:12 09:40:55,312,0
E:\Trail_Cameras\Utah\2016-2017\Cam312_121216_Skunk,2016:12:12 09:40:56,312,0
E:\Trail_Cameras\Utah\2016-2017\Cam312_121216_Skunk,2016:12:12 09:41:03,312,0
E:\Trail_Cameras\Utah\2016-2017\Cam312_121216_Skunk,2016:12:12 09:41:04,312,0
E:\Trail_Cameras\Utah\2016-2017\Cam312_121216_Skunk,2016:12:12 09:41:05,312,0
E:\Trail_Cameras\Utah\2016-2017\Cam312_121216_Skunk,2016:12:12 12:21:07,312,0
E:\Trail_Cameras\Utah\2016-2017\Cam312_121216_Skunk,2016:12:12 12:21:09,312,0
E:\Trail_Cameras\Utah\2016-2017\Cam312_121216_Skunk,2016:12:12 12:21:10,312,0
E:\Trail_Cameras\Utah\2016-2017\Cam312_121216_Skunk,2016:12:12 12:24:26,312,0
E:\Trail_Cameras\Utah\2016-2017\Cam312_121216_Skunk,2016:12:12 12:24:27,312,0
E:\Trail_Cameras\Utah\2016-2017\Cam312_121216_Skunk,2016:12:12 12:24:28,312,0
E:\Trail_Cameras\Utah\2016-2017\Cam312_121216_Skunk,2016:12:12 12:39:50,312,0
E:\Trail_Cameras\Utah\2016-2017\Cam312_121216_Skunk,2016:12:12 12:39:52,312,0
E:\Trail_Cameras\Utah\2016-2017\Cam312_121216_Skunk,2016:12:12 12:39:53,312,0
E:\Trail_Cameras\Utah\2016-2017\Cam312_121216_Skunk,2016:12:12 13:02:48,312,0
E:\Trail_Cameras\Utah\2016-2017\Cam312_121216_Skunk,2016:12:12 13:02:50,312,0
E:\Trail_Cameras\Utah\2016-2017\Cam312_121216_Skunk,2016:12:12 13:02:51,312,0
E:\Trail_Cameras\Utah\2016-2017\Cam312_121216_Skunk,2016:12:12 13:02:55,312,0
E:\Trail_Cameras\Utah\2016-2017\Cam312_121216_Skunk,2016:12:12 13:02:56,312,0
E:\Trail_Cameras\Utah\2016-2017\Cam312_121216_Skunk,2016:12:12 13:02:58,312,0
E:\Trail_Cameras\Utah\2016-2017\Cam312_121216_Skunk,2016:12:12 13:16:35,312,0
E:\Trail_Cameras\Utah\2016-2017\Cam312_121216_Skunk,2016:12:12 13:16:36,312,0
E:\Trail_Cameras\Utah\2016-2017\Cam312_121216_Skunk,2016:12:12 13:16:37,312,0
E:\Trail_Cameras\Utah\2016-2017\Cam312_121216_Skunk,2016:12:12 13:20:04,312,0
E:\Trail_Cameras\Utah\2016-2017\Cam312_121216_Skunk,2016:12:12 13:20:05,312,0
E:\Trail_Cameras\Utah\2016-2017\Cam312_121216_Skunk,2016:12:12 13:20:07,312,0
E:\Trail_Cameras\Utah\2016-2017\Cam312_121216_Skunk,2016:12:12 14:08:37,312,0
E:\Trail_Cameras\Utah\2016-2017\Cam312_121216_Skunk,2016:12:12 14:08:39,312,0
E:\Trail_Cameras\Utah\2016-2017\Cam312_121216_Skunk,2016:12:12 14:08:40,312,0
E:\Trail_Cameras\Utah\2016-2017\Cam312_121216_Skunk,2016:12:12 14:17:18,312,0
E:\Trail_Cameras\Utah\2016-2017\Cam312_121216_Skunk,2016:12:12 14:17:20,312,0
E:\Trail_Cameras\Utah\2016-2017\Cam312_121216_Skunk,2016:12:12 14:17:22,312,0
E:\Trail_Cameras\Utah\2016-2017\Cam312_121216_Skunk,2016:12:12 14:51:39,312,0
E:\Trail_Cameras\Utah\2016-2017\Cam312_121216_Skunk,2016:12:12 14:51:41,312,0
E:\Trail_Cameras\Utah\2016-2017\Cam312_121216_Skunk,2016:12:12 14:51:42,312,0
E:\Trail_Cameras\Utah\2016-2017\Cam312_121216_Skunk,2016:12:12 15:03:14,312,0
E:\Trail_Cameras\Utah\2016-2017\Cam312_121216_Skunk,2016:12:12 15:03:15,312,0
E:\Trail_Cameras\Utah\2016-2017\Cam312_121216_Skunk,2016:12:12 15:03:16,312,0
E:\Trail_Cameras\Utah\2016-2017\Cam312_121216_Skunk,2016:12:12 15:15:48,312,0
E:\Trail_Cameras\Utah\2016-2017\Cam312_121216_Skunk,2016:12:12 15:15:51,312,0
E:\Trail_Cameras\Utah\2016-2017\Cam312_121216_Skunk,2016:12:12 15:15:52,312,0
E:\Trail_Cameras\Utah\2016-2017\Cam312_121216_Skunk,2016:12:12 15:23:07,312,0
E:\Trail_Cameras\Utah\2016-2017\Cam312_121216_Skunk,2016:12:12 15:23:08,312,0
E:\Trail_Cameras\Utah\2016-2017\Cam312_121216_Skunk,2016:12:12 15:23:09,312,0
E:\Trail_Cameras\Utah\2016-2017\Cam312_121216_Skunk,2016:12:12 15:23:31,312,0
E:\Trail_Cameras\Utah\2016-2017\Cam312_121216_Skunk,2016:12:12 15:23:32,312,0
E:\Trail_Cameras\Utah\2016-2017\Cam312_121216_Skunk,2016:12:12 15:23:33,312,0
E:\Trail_Cameras\Utah\2016-2017\Cam312_121216_Skunk,2016:12:12 15:29:39,312,0
E:\Trail_Cameras\Utah\2016-2017\Cam312_121216_Skunk,2016:12:12 15:29:40,312,0
E:\Trail_Cameras\Utah\2016-2017\Cam312_121216_Skunk,2016:12:12 15:29:41,312,0
E:\Trail_Cameras\Utah\2016-2017\Cam312_121216_Skunk,2016:12:12 15:30:35,312,0
E:\Trail_Cameras\Utah\2016-2017\Cam312_121216_Skunk,2016:12:12 15:30:36,312,0
E:\Trail_Cameras\Utah\2016-2017\Cam312_121216_Skunk,2016:12:12 15:30:37,312,0
E:\Trail_Cameras\Utah\2016-2017\Cam312_121216_Skunk,2016:12:12 16:04:59,312,0
E:\Trail_Cameras\Utah\2016-2017\Cam312_121216_Skunk,2016:12:12 16:05:01,312,0
E:\Trail_Cameras\Utah\2016-2017\Cam312_121216_Skunk,2016:12:12 16:05:02,312,0
E:\Trail_Cameras\Utah\2016-2017\Cam312_121216_Skunk,2016:12:12 16:38:09,312,0
E:\Trail_Cameras\Utah\2016-2017\Cam312_121216_Skunk,2016:12:12 16:38:11,312,0
E:\Trail_Cameras\Utah\2016-2017\Cam312_121216_Skunk,2016:12:12 16:38:12,312,0
E:\Trail_Cameras\Utah\2016-2017\Cam312_121216_Skunk,2016:12:12 16:49:21,312,0
E:\Trail_Cameras\Utah\2016-2017\Cam312_121216_Skunk,2016:12:12 16:49:23,312,0
E:\Trail_Cameras\Utah\2016-2017\Cam312_121216_Skunk,2016:12:12 16:49:24,312,0
E:\Trail_Cameras\Utah\2016-2017\Cam312_121216_Skunk,2016:12:12 16:57:48,312,0
E:\Trail_Cameras\Utah\2016-2017\Cam312_121216_Skunk,2016:12:12 16:57:50,312,0
E:\Trail_Cameras\Utah\2016-2017\Cam312_121216_Skunk,2016:12:12 16:57:51,312,0
E:\Trail_Cameras\Utah\2016-2017\Cam312_121216_Skunk,2016:12:12 17:27:28,312,0
E:\Trail_Cameras\Utah\2016-2017\Cam312_121216_Skunk,2016:12:12 17:27:30,312,0
E:\Trail_Cameras\Utah\2016-2017\Cam312_121216_Skunk,2016:12:12 17:27:31,312,0
E:\Trail_Cameras\Utah\2016-2017\Cam312_121216_Skunk,2016:12:12 18:32:53,312,0
E:\Trail_Cameras\Utah\2016-2017\Cam312_121216_Skunk,2016:12:12 18:32:54,312,0
E:\Trail_Cameras\Utah\2016-2017\Cam312_121216_Skunk,2016:12:12 18:32:55,312,0
E:\Trail_Cameras\Utah\2016-2017\Cam312_121216_Skunk,2016:12:12 18:33:04,312,0
E:\Trail_Cameras\Utah\2016-2017\Cam312_121216_Skunk,2016:12:12 18:33:05,312,0
E:\Trail_Cameras\Utah\2016-2017\Cam312_121216_Skunk,2016:12:12 18:33:06,312,0
E:\Trail_Cameras\Utah\2016-2017\Cam312_121216_Skunk,2016:12:12 18:55:53,312,0
E:\Trail_Cameras\Utah\2016-2017\Cam312_121216_Skunk,2016:12:12 18:55:54,312,0
E:\Trail_Cameras\Utah\2016-2017\Cam312_121216_Skunk,2016:12:12 18:55:55,312,0
E:\Trail_Cameras\Utah\2016-2017\Cam312_121216_Skunk,2016:12:12 19:55:00,312,0
E:\Trail_Cameras\Utah\2016-2017\Cam312_121216_Skunk,2016:12:12 19:55:01,312,0
E:\Trail_Cameras\Utah\2016-2017\Cam312_121216_Skunk,2016:12:12 19:55:02,312,0
E:\Trail_Cameras\Utah\2016-2017\Cam312_121216_Skunk,2016:12:12 20:13:18,312,0
E:\Trail_Cameras\Utah\2016-2017\Cam312_121216_Skunk,2016:12:12 20:13:19,312,0
E:\Trail_Cameras\Utah\2016-2017\Cam312_121216_Skunk,2016:12:12 20:13:20,312,0
E:\Trail_Cameras\Utah\2016-2017\Cam312_121216_Skunk,2016:12:12 20:44:30,312,0
E:\Trail_Cameras\Utah\2016-2017\Cam312_121216_Skunk,2016:12:12 20:44:31,312,0
E:\Trail_Cameras\Utah\2016-2017\Cam312_121216_Skunk,2016:12:12 20:44:32,312,0
E:\Trail_Cameras\Utah\2016-2017\Cam312_121216_Skunk,2016:12:13 00:12:52,312,0
E:\Trail_Cameras\Utah\2016-2017\Cam312_121216_Skunk,2016:12:13 00:12:53,312,0
E:\Trail_Cameras\Utah\2016-2017\Cam312_121216_Skunk,2016:12:13 00:12:54,312,0
E:\Trail_Cameras\Utah\2016-2017\Cam312_121216_Skunk,2016:12:13 03:51:48,312,0
E:\Trail_Cameras\Utah\2016-2017\Cam312_121216_Skunk,2016:12:13 03:51:49,312,0
E:\Trail_Cameras\Utah\2016-2017\Cam312_121216_Skunk,2016:12:13 03:51:50,312,0
E:\Trail_Cameras\Utah\2016-2017\Cam312_121216_Skunk,2016:12:13 03:52:23,312,0
E:\Trail_Cameras\Utah\2016-2017\Cam312_121216_Skunk,2016:12:13 03:52:24,312,0
E:\Trail_Cameras\Utah\2016-2017\Cam312_121216_Skunk,2016:12:13 03:52:25,312,0
E:\Trail_Cameras\Utah\2016-2017\Cam312_121216_Skunk,2016:12:13 03:53:24,312,0
E:\Trail_Cameras\Utah\2016-2017\Cam312_121216_Skunk,2016:12:13 03:53:25,312,0
E:\Trail_Cameras\Utah\2016-2017\Cam312_121216_Skunk,2016:12:13 03:53:26,312,0
E:\Trail_Cameras\Utah\2016-2017\Cam312_121216_Skunk,2016:12:13 03:55:10,312,0
E:\Trail_Cameras\Utah\2016-2017\Cam312_121216_Skunk,2016:12:13 03:55:11,312,0
E:\Trail_Cameras\Utah\2016-2017\Cam312_121216_Skunk,2016:12:13 03:55:12,312,0
E:\Trail_Cameras\Utah\2016-2017\Cam312_121216_Skunk,2016:12:13 04:47:41,312,0
E:\Trail_Cameras\Utah\2016-2017\Cam312_121216_Skunk,2016:12:13 04:47:42,312,0
E:\Trail_Cameras\Utah\2016-2017\Cam312_121216_Skunk,2016:12:13 04:47:43,312,0
E:\Trail_Cameras\Utah\2016-2017\Cam312_121216_Skunk,2016:12:13 05:15:09,312,0
E:\Trail_Cameras\Utah\2016-2017\Cam312_121216_Skunk,2016:12:13 05:15:10,312,0
E:\Trail_Cameras\Utah\2016-2017\Cam312_121216_Skunk,2016:12:13 05:15:11,312,0
E:\Trail_Cameras\Utah\2016-2017\Cam312_121216_Skunk,2016:12:13 08:32:15,312,0
E:\Trail_Cameras\Utah\2016-2017\Cam312_121216_Skunk,2016:12:13 08:32:16,312,0
E:\Trail_Cameras\Utah\2016-2017\Cam312_121216_Skunk,2016:12:13 08:32:17,312,0
E:\Trail_Cameras\Utah\2016-2017\Cam312_121216_Skunk,2016:12:13 16:22:11,312,0
E:\Trail_Cameras\Utah\2016-2017\Cam312_121216_Skunk,2016:12:13 16:22:12,312,0
E:\Trail_Cameras\Utah\2016-2017\Cam312_121216_Skunk,2016:12:13 16:22:14,312,0
E:\Trail_Cameras\Utah\2016-2017\Cam312_121216_Skunk,2016:12:13 17:07:59,312,0
E:\Trail_Cameras\Utah\2016-2017\Cam312_121216_Skunk,2016:12:13 17:08:01,312,0
E:\Trail_Cameras\Utah\2016-2017\Cam312_121216_Skunk,2016:12:13 17:08:03,312,0
E:\Trail_Cameras\Utah\2016-2017\Cam312_121216_Skunk,2016:12:13 21:43:22,312,0
E:\Trail_Cameras\Utah\2016-2017\Cam312_121216_Skunk,2016:12:13 21:43:23,312,0
E:\Trail_Cameras\Utah\2016-2017\Cam312_121216_Skunk,2016:12:13 21:43:24,312,0
E:\Trail_Cameras\Utah\2016-2017\Cam312_121216_Skunk,2016:12:14 03:34:18,312,0
E:\Trail_Cameras\Utah\2016-2017\Cam312_121216_Skunk,2016:12:14 03:34:19,312,0
E:\Trail_Cameras\Utah\2016-2017\Cam312_121216_Skunk,2016:12:14 03:34:20,312,0
E:\Trail_Cameras\Utah\2016-2017\Cam312_121216_Skunk,2016:12:14 03:34:21,312,0
E:\Trail_Cameras\Utah\2016-2017\Cam312_121216_Skunk,2016:12:14 03:34:22,312,0
E:\Trail_Cameras\Utah\2016-2017\Cam312_121216_Skunk,2016:12:14 03:34:23,312,0
E:\Trail_Cameras\Utah\2016-2017\Cam312_121216_Skunk,2016:12:14 03:34:25,312,0
E:\Trail_Cameras\Utah\2016-2017\Cam312_121216_Skunk,2016:12:14 03:34:26,312,0
E:\Trail_Cameras\Utah\2016-2017\Cam312_121216_Skunk,2016:12:14 03:34:27,312,0
E:\Trail_Cameras\Utah\2016-2017\Cam312_121216_Skunk,2016:12:14 06:13:09,312,0
E:\Trail_Cameras\Utah\2016-2017\Cam312_121216_Skunk,2016:12:14 06:13:10,312,0
E:\Trail_Cameras\Utah\2016-2017\Cam312_121216_Skunk,2016:12:14 06:13:11,312,0
E:\Trail_Cameras\Utah\2016-2017\Cam312_121216_Skunk,2016:12:14 07:41:17,312,0
E:\Trail_Cameras\Utah\2016-2017\Cam312_121216_Skunk,2016:12:14 07:41:19,312,0
E:\Trail_Cameras\Utah\2016-2017\Cam312_121216_Skunk,2016:12:14 07:41:20,312,0
E:\Trail_Cameras\Utah\2016-2017\Cam312_121216_Skunk,2016:12:14 09:45:28,312,0
E:\Trail_Cameras\Utah\2016-2017\Cam312_121216_Skunk,2016:12:14 09:45:29,312,0
E:\Trail_Cameras\Utah\2016-2017\Cam312_121216_Skunk,2016:12:14 09:45:31,312,0
E:\Trail_Cameras\Utah\2016-2017\Cam312_121216_Skunk,2016:12:14 11:25:05,312,0
E:\Trail_Cameras\Utah\2016-2017\Cam312_121216_Skunk,2016:12:14 11:25:06,312,0
E:\Trail_Cameras\Utah\2016-2017\Cam312_121216_Skunk,2016:12:14 11:25:08,312,0
E:\Trail_Cameras\Utah\2016-2017\Cam312_121216_Skunk,2016:12:14 17:07:01,312,0
E:\Trail_Cameras\Utah\2016-2017\Cam312_121216_Skunk,2016:12:14 17:07:03,312,0
E:\Trail_Cameras\Utah\2016-2017\Cam312_121216_Skunk,2016:12:14 17:07:04,312,0
E:\Trail_Cameras\Utah\2016-2017\Cam312_121216_Skunk,2016:12:14 18:08:37,312,0
E:\Trail_Cameras\Utah\2016-2017\Cam312_121216_Skunk,2016:12:14 18:08:39,312,0
E:\Trail_Cameras\Utah\2016-2017\Cam312_121216_Skunk,2016:12:14 18:08:40,312,0
E:\Trail_Cameras\Utah\2016-2017\Cam312_121216_Skunk,2016:12:14 19:33:49,312,0
E:\Trail_Cameras\Utah\2016-2017\Cam312_121216_Skunk,2016:12:14 19:33:50,312,0
E:\Trail_Cameras\Utah\2016-2017\Cam312_121216_Skunk,2016:12:14 19:33:51,312,0
E:\Trail_Cameras\Utah\2016-2017\Cam312_121216_Skunk,2016:12:14 20:09:53,312,0
E:\Trail_Cameras\Utah\2016-2017\Cam312_121216_Skunk,2016:12:14 20:09:54,312,0
E:\Trail_Cameras\Utah\2016-2017\Cam312_121216_Skunk,2016:12:14 20:09:55,312,0
E:\Trail_Cameras\Utah\2016-2017\Cam312_121216_Skunk,2016:12:15 08:45:02,312,0
E:\Trail_Cameras\Utah\2016-2017\Cam312_121216_Skunk,2016:12:15 08:45:04,312,0
E:\Trail_Cameras\Utah\2016-2017\Cam312_121216_Skunk,2016:12:15 08:45:05,312,0
E:\Trail_Cameras\Utah\2016-2017\Cam312_121216_Skunk,2016:12:15 09:44:57,312,0
E:\Trail_Cameras\Utah\2016-2017\Cam312_121216_Skunk,2016:12:15 09:44:59,312,0
E:\Trail_Cameras\Utah\2016-2017\Cam312_121216_Skunk,2016:12:15 09:45:00,312,0
E:\Trail_Cameras\Utah\2016-2017\Cam312_121216_Skunk,2016:12:15 15:08:13,312,0
E:\Trail_Cameras\Utah\2016-2017\Cam312_121216_Skunk,2016:12:15 15:08:14,312,0
E:\Trail_Cameras\Utah\2016-2017\Cam312_121216_Skunk,2016:12:15 15:08:16,312,0
E:\Trail_Cameras\Utah\2016-2017\Cam312_121216_Skunk,2016:12:15 17:13:01,312,0
E:\Trail_Cameras\Utah\2016-2017\Cam312_121216_Skunk,2016:12:15 17:13:02,312,0
E:\Trail_Cameras\Utah\2016-2017\Cam312_121216_Skunk,2016:12:15 17:13:03,312,0
E:\Trail_Cameras\Utah\2016-2017\Cam312_121216_Skunk,2016:12:15 18:43:00,312,0
E:\Trail_Cameras\Utah\2016-2017\Cam312_121216_Skunk,2016:12:15 18:43:02,312,0
E:\Trail_Cameras\Utah\2016-2017\Cam312_121216_Skunk,2016:12:15 18:43:03,312,0
E:\Trail_Cameras\Utah\2016-2017\Cam312_121216_Skunk,2016:12:15 19:07:45,312,0
E:\Trail_Cameras\Utah\2016-2017\Cam312_121216_Skunk,2016:12:15 19:07:46,312,0
E:\Trail_Cameras\Utah\2016-2017\Cam312_121216_Skunk,2016:12:15 19:07:47,312,0
E:\Trail_Cameras\Utah\2016-2017\Cam312_121216_Skunk,2016:12:16 01:47:33,312,0
E:\Trail_Cameras\Utah\2016-2017\Cam312_121216_Skunk,2016:12:16 01:47:34,312,0
E:\Trail_Cameras\Utah\2016-2017\Cam312_121216_Skunk,2016:12:16 01:47:35,312,0
E:\Trail_Cameras\Utah\2016-2017\Cam312_121216_Skunk,2016:12:16 03:18:21,312,0
E:\Trail_Cameras\Utah\2016-2017\Cam312_121216_Skunk,2016:12:16 03:18:23,312,0
E:\Trail_Cameras\Utah\2016-2017\Cam312_121216_Skunk,2016:12:16 03:18:24,312,0
E:\Trail_Cameras\Utah\2016-2017\Cam312_121216_Skunk,2016:12:16 04:22:18,312,0
E:\Trail_Cameras\Utah\2016-2017\Cam312_121216_Skunk,2016:12:16 04:22:19,312,0
E:\Trail_Cameras\Utah\2016-2017\Cam312_121216_Skunk,2016:12:16 04:22:20,312,0
E:\Trail_Cameras\Utah\2016-2017\Cam312_121216_Skunk,2016:12:16 06:13:53,312,0
E:\Trail_Cameras\Utah\2016-2017\Cam312_121216_Skunk,2016:12:16 06:13:55,312,0
E:\Trail_Cameras\Utah\2016-2017\Cam312_121216_Skunk,2016:12:16 06:13:56,312,0
E:\Trail_Cameras\Utah\2016-2017\Cam312_121216_Skunk,2016:12:16 09:25:46,312,0
E:\Trail_Cameras\Utah\2016-2017\Cam312_121216_Skunk,2016:12:16 09:25:49,312,0
E:\Trail_Cameras\Utah\2016-2017\Cam312_121216_Skunk,2016:12:16 09:25:50,312,0
E:\Trail_Cameras\Utah\2016-2017\Cam312_121216_Skunk,2016:12:16 09:40:49,312,0
E:\Trail_Cameras\Utah\2016-2017\Cam312_121216_Skunk,2016:12:16 09:40:50,312,0
E:\Trail_Cameras\Utah\2016-2017\Cam312_121216_Skunk,2016:12:16 09:40:51,312,0
E:\Trail_Cameras\Utah\2016-2017\Cam312_121216_Skunk,2016:12:16 09:50:24,312,0
E:\Trail_Cameras\Utah\2016-2017\Cam312_121216_Skunk,2016:12:16 09:50:26,312,0
E:\Trail_Cameras\Utah\2016-2017\Cam312_121216_Skunk,2016:12:16 09:50:27,312,0
E:\Trail_Cameras\Utah\2016-2017\Cam312_121216_Skunk,2016:12:16 10:29:31,312,0
E:\Trail_Cameras\Utah\2016-2017\Cam312_121216_Skunk,2016:12:16 10:29:33,312,0
E:\Trail_Cameras\Utah\2016-2017\Cam312_121216_Skunk,2016:12:16 10:29:34,312,0
E:\Trail_Cameras\Utah\2016-2017\Cam312_121216_Skunk,2016:12:16 10:44:53,312,0
E:\Trail_Cameras\Utah\2016-2017\Cam312_121216_Skunk,2016:12:16 10:44:55,312,0
E:\Trail_Cameras\Utah\2016-2017\Cam312_121216_Skunk,2016:12:16 10:44:56,312,0
E:\Trail_Cameras\Utah\2016-2017\Cam312_121216_Skunk,2016:12:16 10:44:57,312,0
E:\Trail_Cameras\Utah\2016-2017\Cam312_121216_Skunk,2016:12:16 10:44:59,312,0
E:\Trail_Cameras\Utah\2016-2017\Cam312_121216_Skunk,2016:12:16 10:45:00,312,0
E:\Trail_Cameras\Utah\2016-2017\Cam312_121216_Skunk,2016:12:16 11:55:39,312,0
E:\Trail_Cameras\Utah\2016-2017\Cam312_121216_Skunk,2016:12:16 11:55:41,312,0
E:\Trail_Cameras\Utah\2016-2017\Cam312_121216_Skunk,2016:12:16 11:55:42,312,0
E:\Trail_Cameras\Utah\2016-2017\Cam312_121216_Skunk,2016:12:16 12:51:52,312,0
E:\Trail_Cameras\Utah\2016-2017\Cam312_121216_Skunk,2016:12:16 12:51:54,312,0
E:\Trail_Cameras\Utah\2016-2017\Cam312_121216_Skunk,2016:12:16 12:51:55,312,0
E:\Trail_Cameras\Utah\2016-2017\Cam312_121216_Skunk,2016:12:16 13:25:02,312,0
E:\Trail_Cameras\Utah\2016-2017\Cam312_121216_Skunk,2016:12:16 13:25:04,312,0
E:\Trail_Cameras\Utah\2016-2017\Cam312_121216_Skunk,2016:12:16 13:25:05,312,0
E:\Trail_Cameras\Utah\2016-2017\Cam312_121216_Skunk,2016:12:16 15:52:34,312,0
E:\Trail_Cameras\Utah\2016-2017\Cam312_121216_Skunk,2016:12:16 15:52:36,312,0
E:\Trail_Cameras\Utah\2016-2017\Cam312_121216_Skunk,2016:12:16 15:52:37,312,0
E:\Trail_Cameras\Utah\2016-2017\Cam312_121216_Skunk,2016:12:16 16:05:34,312,0
E:\Trail_Cameras\Utah\2016-2017\Cam312_121216_Skunk,2016:12:16 16:05:35,312,0
E:\Trail_Cameras\Utah\2016-2017\Cam312_121216_Skunk,2016:12:16 16:05:36,312,0
E:\Trail_Cameras\Utah\2016-2017\Cam312_121216_Skunk,2016:12:17 11:04:39,312,0
E:\Trail_Cameras\Utah\2016-2017\Cam312_121216_Skunk,2016:12:17 11:04:40,312,0
E:\Trail_Cameras\Utah\2016-2017\Cam312_121216_Skunk,2016:12:17 11:04:41,312,0
E:\Trail_Cameras\Utah\2016-2017\Cam312_121216_Skunk,2016:12:17 11:04:44,312,0
E:\Trail_Cameras\Utah\2016-2017\Cam312_121216_Skunk,2016:12:17 11:04:45,312,0
E:\Trail_Cameras\Utah\2016-2017\Cam312_121216_Skunk,2016:12:17 11:04:46,312,0
E:\Trail_Cameras\Utah\2016-2017\Cam312_121216_Skunk,2016:12:17 11:21:51,312,0
E:\Trail_Cameras\Utah\2016-2017\Cam312_121216_Skunk,2016:12:17 11:21:52,312,0
E:\Trail_Cameras\Utah\2016-2017\Cam312_121216_Skunk,2016:12:17 11:21:53,312,0
E:\Trail_Cameras\Utah\2016-2017\Cam312_121216_Skunk,2016:12:18 10:37:43,312,0
E:\Trail_Cameras\Utah\2016-2017\Cam312_121216_Skunk,2016:12:18 10:37:44,312,0
E:\Trail_Cameras\Utah\2016-2017\Cam312_121216_Skunk,2016:12:18 10:37:45,312,0
E:\Trail_Cameras\Utah\2016-2017\Cam312_121216_Skunk,2016:12:18 11:39:12,312,0
E:\Trail_Cameras\Utah\2016-2017\Cam312_121216_Skunk,2016:12:18 11:39:13,312,0
E:\Trail_Cameras\Utah\2016-2017\Cam312_121216_Skunk,2016:12:18 11:39:14,312,0
E:\Trail_Cameras\Utah\2016-2017\Cam312_121216_Skunk,2016:12:18 19:56:16,312,0
E:\Trail_Cameras\Utah\2016-2017\Cam312_121216_Skunk,2016:12:18 19:56:18,312,0
E:\Trail_Cameras\Utah\2016-2017\Cam312_121216_Skunk,2016:12:18 19:56:19,312,0
E:\Trail_Cameras\Utah\2016-2017\Cam312_121216_Skunk,2016:12:19 06:18:57,312,0
E:\Trail_Cameras\Utah\2016-2017\Cam312_121216_Skunk,2016:12:19 06:18:58,312,0
E:\Trail_Cameras\Utah\2016-2017\Cam312_121216_Skunk,2016:12:19 06:18:59,312,0
E:\Trail_Cameras\Utah\2016-2017\Cam312_121216_Skunk,2016:12:19 07:21:37,312,0
E:\Trail_Cameras\Utah\2016-2017\Cam312_121216_Skunk,2016:12:19 07:21:39,312,0
E:\Trail_Cameras\Utah\2016-2017\Cam312_121216_Skunk,2016:12:19 07:21:40,312,0
E:\Trail_Cameras\Utah\2016-2017\Cam312_121216_Skunk,2016:12:19 18:09:01,312,0
E:\Trail_Cameras\Utah\2016-2017\Cam312_121216_Skunk,2016:12:19 18:09:02,312,0
E:\Trail_Cameras\Utah\2016-2017\Cam312_121216_Skunk,2016:12:19 18:09:03,312,0
E:\Trail_Cameras\Utah\2016-2017\Cam312_121216_Skunk,2016:12:19 20:27:13,312,0
E:\Trail_Cameras\Utah\2016-2017\Cam312_121216_Skunk,2016:12:19 20:27:14,312,0
E:\Trail_Cameras\Utah\2016-2017\Cam312_121216_Skunk,2016:12:19 20:27:15,312,0
E:\Trail_Cameras\Utah\2016-2017\Cam312_121216_Skunk,2016:12:20 16:50:25,312,0
E:\Trail_Cameras\Utah\2016-2017\Cam312_121216_Skunk,2016:12:20 16:50:27,312,0
E:\Trail_Cameras\Utah\2016-2017\Cam312_121216_Skunk,2016:12:20 16:50:28,312,0
E:\Trail_Cameras\Utah\2016-2017\Cam312_121216_Skunk,2016:12:20 17:38:42,312,0
E:\Trail_Cameras\Utah\2016-2017\Cam312_121216_Skunk,2016:12:20 17:38:44,312,0
E:\Trail_Cameras\Utah\2016-2017\Cam312_121216_Skunk,2016:12:20 17:38:45,312,0
E:\Trail_Cameras\Utah\2016-2017\Cam312_121216_Skunk,2016:12:20 19:59:21,312,0
E:\Trail_Cameras\Utah\2016-2017\Cam312_121216_Skunk,2016:12:20 19:59:23,312,0
E:\Trail_Cameras\Utah\2016-2017\Cam312_121216_Skunk,2016:12:20 19:59:24,312,0
E:\Trail_Cameras\Utah\2016-2017\Cam312_121216_Skunk,2016:12:21 20:20:14,312,0
E:\Trail_Cameras\Utah\2016-2017\Cam312_121216_Skunk,2016:12:21 20:20:15,312,0
E:\Trail_Cameras\Utah\2016-2017\Cam312_121216_Skunk,2016:12:21 20:20:16,312,0
E:\Trail_Cameras\Utah\2016-2017\Cam312_121216_Skunk,2016:12:22 09:19:17,312,0
E:\Trail_Cameras\Utah\2016-2017\Cam312_121216_Skunk,2016:12:22 09:19:19,312,0
E:\Trail_Cameras\Utah\2016-2017\Cam312_121216_Skunk,2016:12:22 09:19:20,312,0
E:\Trail_Cameras\Utah\2016-2017\Cam312_121216_Skunk,2016:12:23 14:07:22,312,0
E:\Trail_Cameras\Utah\2016-2017\Cam312_121216_Skunk,2016:12:23 14:07:24,312,0
E:\Trail_Cameras\Utah\2016-2017\Cam312_121216_Skunk,2016:12:23 14:07:25,312,0
E:\Trail_Cameras\Utah\2016-2017\Cam312_121216_Skunk,2016:12:23 20:21:36,312,0
E:\Trail_Cameras\Utah\2016-2017\Cam312_121216_Skunk,2016:12:23 20:21:38,312,0
E:\Trail_Cameras\Utah\2016-2017\Cam312_121216_Skunk,2016:12:23 20:21:39,312,0
E:\Trail_Cameras\Utah\2016-2017\Cam312_121216_Skunk,2016:12:23 21:11:30,312,0
E:\Trail_Cameras\Utah\2016-2017\Cam312_121216_Skunk,2016:12:23 21:11:31,312,0
E:\Trail_Cameras\Utah\2016-2017\Cam312_121216_Skunk,2016:12:23 21:11:32,312,0
E:\Trail_Cameras\Utah\2016-2017\Cam312_121216_Skunk,2016:12:23 21:41:58,312,0
E:\Trail_Cameras\Utah\2016-2017\Cam312_121216_Skunk,2016:12:23 21:41:59,312,0
E:\Trail_Cameras\Utah\2016-2017\Cam312_121216_Skunk,2016:12:23 21:42:00,312,0
E:\Trail_Cameras\Utah\2016-2017\Cam312_121216_Skunk,2016:12:25 11:35:09,312,0
E:\Trail_Cameras\Utah\2016-2017\Cam312_121216_Skunk,2016:12:25 11:35:11,312,0
E:\Trail_Cameras\Utah\2016-2017\Cam312_121216_Skunk,2016:12:25 11:35:12,312,0
E:\Trail_Cameras\Utah\2016-2017\Cam312_121216_Skunk,2016:12:25 12:17:10,312,0
E:\Trail_Cameras\Utah\2016-2017\Cam312_121216_Skunk,2016:12:25 12:17:11,312,0
E:\Trail_Cameras\Utah\2016-2017\Cam312_121216_Skunk,2016:12:25 12:17:12,312,0
E:\Trail_Cameras\Utah\2016-2017\Cam312_121216_Skunk,2016:12:25 12:25:21,312,0
E:\Trail_Cameras\Utah\2016-2017\Cam312_121216_Skunk,2016:12:25 12:25:23,312,0
E:\Trail_Cameras\Utah\2016-2017\Cam312_121216_Skunk,2016:12:25 12:25:24,312,0
E:\Trail_Cameras\Utah\2016-2017\Cam312_121216_Skunk,2016:12:26 05:41:53,312,0
E:\Trail_Cameras\Utah\2016-2017\Cam312_121216_Skunk,2016:12:26 05:41:54,312,0
E:\Trail_Cameras\Utah\2016-2017\Cam312_121216_Skunk,2016:12:26 05:41:55,312,0
E:\Trail_Cameras\Utah\2016-2017\Cam312_121216_Skunk,2016:12:26 05:45:00,312,0
E:\Trail_Cameras\Utah\2016-2017\Cam312_121216_Skunk,2016:12:26 05:45:01,312,0
E:\Trail_Cameras\Utah\2016-2017\Cam312_121216_Skunk,2016:12:26 05:45:02,312,0
E:\Trail_Cameras\Utah\2016-2017\Cam312_121216_Skunk,2016:12:26 09:27:24,312,0
E:\Trail_Cameras\Utah\2016-2017\Cam312_121216_Skunk,2016:12:26 09:27:25,312,0
E:\Trail_Cameras\Utah\2016-2017\Cam312_121216_Skunk,2016:12:26 09:27:26,312,0
E:\Trail_Cameras\Utah\2016-2017\Cam312_121216_Skunk,2016:12:26 09:39:31,312,0
E:\Trail_Cameras\Utah\2016-2017\Cam312_121216_Skunk,2016:12:26 09:39:32,312,0
E:\Trail_Cameras\Utah\2016-2017\Cam312_121216_Skunk,2016:12:26 09:39:33,312,0
E:\Trail_Cameras\Utah\2016-2017\Cam312_121216_Skunk,2016:12:26 10:12:37,312,0
E:\Trail_Cameras\Utah\2016-2017\Cam312_121216_Skunk,2016:12:26 10:12:38,312,0
E:\Trail_Cameras\Utah\2016-2017\Cam312_121216_Skunk,2016:12:26 10:12:39,312,0
E:\Trail_Cameras\Utah\2016-2017\Cam312_121216_Skunk,2016:12:26 10:35:31,312,0
E:\Trail_Cameras\Utah\2016-2017\Cam312_121216_Skunk,2016:12:26 10:35:32,312,0
E:\Trail_Cameras\Utah\2016-2017\Cam312_121216_Skunk,2016:12:26 10:35:33,312,0
E:\Trail_Cameras\Utah\2016-2017\Cam312_121216_Skunk,2016:12:26 11:13:44,312,0
E:\Trail_Cameras\Utah\2016-2017\Cam312_121216_Skunk,2016:12:26 11:13:45,312,0
E:\Trail_Cameras\Utah\2016-2017\Cam312_121216_Skunk,2016:12:26 11:13:46,312,0
E:\Trail_Cameras\Utah\2016-2017\Cam312_121216_Skunk,2016:12:26 11:37:21,312,0
E:\Trail_Cameras\Utah\2016-2017\Cam312_121216_Skunk,2016:12:26 11:37:22,312,0
E:\Trail_Cameras\Utah\2016-2017\Cam312_121216_Skunk,2016:12:26 11:37:23,312,0
E:\Trail_Cameras\Utah\2016-2017\Cam312_121216_Skunk,2016:12:26 11:56:08,312,0
E:\Trail_Cameras\Utah\2016-2017\Cam312_121216_Skunk,2016:12:26 11:56:10,312,0
E:\Trail_Cameras\Utah\2016-2017\Cam312_121216_Skunk,2016:12:26 11:56:11,312,0
E:\Trail_Cameras\Utah\2016-2017\Cam312_121216_Skunk,2016:12:26 12:48:58,312,0
E:\Trail_Cameras\Utah\2016-2017\Cam312_121216_Skunk,2016:12:26 12:48:59,312,0
E:\Trail_Cameras\Utah\2016-2017\Cam312_121216_Skunk,2016:12:26 12:49:00,312,0
E:\Trail_Cameras\Utah\2016-2017\Cam312_121216_Skunk,2016:12:26 14:45:24,312,0
E:\Trail_Cameras\Utah\2016-2017\Cam312_121216_Skunk,2016:12:26 14:45:25,312,0
E:\Trail_Cameras\Utah\2016-2017\Cam312_121216_Skunk,2016:12:26 14:45:26,312,0
E:\Trail_Cameras\Utah\2016-2017\Cam312_121216_Skunk,2016:12:26 14:51:45,312,0
E:\Trail_Cameras\Utah\2016-2017\Cam312_121216_Skunk,2016:12:26 14:51:46,312,0
E:\Trail_Cameras\Utah\2016-2017\Cam312_121216_Skunk,2016:12:26 14:51:47,312,0
E:\Trail_Cameras\Utah\2016-2017\Cam312_121216_Skunk,2016:12:26 14:54:59,312,0
E:\Trail_Cameras\Utah\2016-2017\Cam312_121216_Skunk,2016:12:26 14:55:00,312,0
E:\Trail_Cameras\Utah\2016-2017\Cam312_121216_Skunk,2016:12:26 14:55:01,312,0
E:\Trail_Cameras\Utah\2016-2017\Cam312_121216_Skunk,2016:12:26 15:00:27,312,0
E:\Trail_Cameras\Utah\2016-2017\Cam312_121216_Skunk,2016:12:26 15:00:29,312,0
E:\Trail_Cameras\Utah\2016-2017\Cam312_121216_Skunk,2016:12:26 15:00:30,312,0
E:\Trail_Cameras\Utah\2016-2017\Cam312_121216_Skunk,2016:12:26 18:16:12,312,0
E:\Trail_Cameras\Utah\2016-2017\Cam312_121216_Skunk,2016:12:26 18:16:13,312,0
E:\Trail_Cameras\Utah\2016-2017\Cam312_121216_Skunk,2016:12:26 18:16:14,312,0
E:\Trail_Cameras\Utah\2016-2017\Cam312_121216_Skunk,2016:12:26 18:28:32,312,0
E:\Trail_Cameras\Utah\2016-2017\Cam312_121216_Skunk,2016:12:26 18:28:34,312,0
E:\Trail_Cameras\Utah\2016-2017\Cam312_121216_Skunk,2016:12:26 18:28:35,312,0
E:\Trail_Cameras\Utah\2016-2017\Cam312_121216_Skunk,2016:12:26 19:21:23,312,0
E:\Trail_Cameras\Utah\2016-2017\Cam312_121216_Skunk,2016:12:26 19:21:24,312,0
E:\Trail_Cameras\Utah\2016-2017\Cam312_121216_Skunk,2016:12:26 19:21:25,312,0
E:\Trail_Cameras\Utah\2016-2017\Cam312_121216_Skunk,2016:12:27 09:35:32,312,0
E:\Trail_Cameras\Utah\2016-2017\Cam312_121216_Skunk,2016:12:27 09:35:33,312,0
E:\Trail_Cameras\Utah\2016-2017\Cam312_121216_Skunk,2016:12:27 09:35:34,312,0
E:\Trail_Cameras\Utah\2016-2017\Cam312_121216_Skunk,2016:12:27 17:27:55,312,0
E:\Trail_Cameras\Utah\2016-2017\Cam312_121216_Skunk,2016:12:27 17:27:57,312,0
E:\Trail_Cameras\Utah\2016-2017\Cam312_121216_Skunk,2016:12:27 17:27:59,312,0
E:\Trail_Cameras\Utah\2016-2017\Cam312_121216_Skunk,2016:12:27 18:29:17,312,0
E:\Trail_Cameras\Utah\2016-2017\Cam312_121216_Skunk,2016:12:27 18:29:18,312,0
E:\Trail_Cameras\Utah\2016-2017\Cam312_121216_Skunk,2016:12:27 18:29:19,312,0
E:\Trail_Cameras\Utah\2016-2017\Cam312_121216_Skunk,2016:12:27 20:29:10,312,0
E:\Trail_Cameras\Utah\2016-2017\Cam312_121216_Skunk,2016:12:27 20:29:11,312,0
E:\Trail_Cameras\Utah\2016-2017\Cam312_121216_Skunk,2016:12:27 20:29:13,312,0
E:\Trail_Cameras\Utah\2016-2017\Cam312_121216_Skunk,2016:12:28 05:06:21,312,0
E:\Trail_Cameras\Utah\2016-2017\Cam312_121216_Skunk,2016:12:28 05:06:23,312,0
E:\Trail_Cameras\Utah\2016-2017\Cam312_121216_Skunk,2016:12:28 05:06:24,312,0
E:\Trail_Cameras\Utah\2016-2017\Cam312_121216_Skunk,2016:12:28 09:43:45,312,0
E:\Trail_Cameras\Utah\2016-2017\Cam312_121216_Skunk,2016:12:28 09:43:46,312,0
E:\Trail_Cameras\Utah\2016-2017\Cam312_121216_Skunk,2016:12:28 09:43:48,312,0
E:\Trail_Cameras\Utah\2016-2017\Cam312_121216_Skunk,2016:12:28 10:02:03,312,0
E:\Trail_Cameras\Utah\2016-2017\Cam312_121216_Skunk,2016:12:28 10:02:05,312,0
E:\Trail_Cameras\Utah\2016-2017\Cam312_121216_Skunk,2016:12:28 10:02:06,312,0
E:\Trail_Cameras\Utah\2016-2017\Cam312_121216_Skunk,2016:12:28 11:30:52,312,0
E:\Trail_Cameras\Utah\2016-2017\Cam312_121216_Skunk,2016:12:28 11:30:53,312,0
E:\Trail_Cameras\Utah\2016-2017\Cam312_121216_Skunk,2016:12:28 11:30:54,312,0
E:\Trail_Cameras\Utah\2016-2017\Cam312_121216_Skunk,2016:12:28 14:12:42,312,0
E:\Trail_Cameras\Utah\2016-2017\Cam312_121216_Skunk,2016:12:28 14:12:44,312,0
E:\Trail_Cameras\Utah\2016-2017\Cam312_121216_Skunk,2016:12:28 14:12:45,312,0
E:\Trail_Cameras\Utah\2016-2017\Cam312_121216_Skunk,2016:12:28 18:53:52,312,0
E:\Trail_Cameras\Utah\2016-2017\Cam312_121216_Skunk,2016:12:28 18:53:53,312,0
E:\Trail_Cameras\Utah\2016-2017\Cam312_121216_Skunk,2016:12:28 18:53:54,312,0
E:\Trail_Cameras\Utah\2016-2017\Cam312_121216_Skunk,2016:12:28 19:00:42,312,0
E:\Trail_Cameras\Utah\2016-2017\Cam312_121216_Skunk,2016:12:28 19:00:43,312,0
E:\Trail_Cameras\Utah\2016-2017\Cam312_121216_Skunk,2016:12:28 19:00:44,312,0
E:\Trail_Cameras\Utah\2016-2017\Cam312_121216_Skunk,2016:12:29 01:06:39,312,0
E:\Trail_Cameras\Utah\2016-2017\Cam312_121216_Skunk,2016:12:29 01:06:40,312,0
E:\Trail_Cameras\Utah\2016-2017\Cam312_121216_Skunk,2016:12:29 01:06:41,312,0
E:\Trail_Cameras\Utah\2016-2017\Cam312_121216_Skunk,2016:12:29 08:17:54,312,0
E:\Trail_Cameras\Utah\2016-2017\Cam312_121216_Skunk,2016:12:29 08:17:56,312,0
E:\Trail_Cameras\Utah\2016-2017\Cam312_121216_Skunk,2016:12:29 08:17:57,312,0
E:\Trail_Cameras\Utah\2016-2017\Cam312_121216_Skunk,2016:12:29 08:55:25,312,0
E:\Trail_Cameras\Utah\2016-2017\Cam312_121216_Skunk,2016:12:29 08:55:26,312,0
E:\Trail_Cameras\Utah\2016-2017\Cam312_121216_Skunk,2016:12:29 08:55:28,312,0
E:\Trail_Cameras\Utah\2016-2017\Cam312_121216_Skunk,2016:12:29 09:27:58,312,0
E:\Trail_Cameras\Utah\2016-2017\Cam312_121216_Skunk,2016:12:29 09:27:59,312,0
E:\Trail_Cameras\Utah\2016-2017\Cam312_121216_Skunk,2016:12:29 09:28:00,312,0
E:\Trail_Cameras\Utah\2016-2017\Cam312_121216_Skunk,2016:12:29 10:52:52,312,0
E:\Trail_Cameras\Utah\2016-2017\Cam312_121216_Skunk,2016:12:29 10:52:53,312,0
E:\Trail_Cameras\Utah\2016-2017\Cam312_121216_Skunk,2016:12:29 10:52:54,312,0
E:\Trail_Cameras\Utah\2016-2017\Cam312_121216_Skunk,2016:12:29 11:46:03,312,0
E:\Trail_Cameras\Utah\2016-2017\Cam312_121216_Skunk,2016:12:29 11:46:04,312,0
E:\Trail_Cameras\Utah\2016-2017\Cam312_121216_Skunk,2016:12:29 11:46:05,312,0
E:\Trail_Cameras\Utah\2016-2017\Cam312_121216_Skunk,2016:12:29 12:00:01,312,0
E:\Trail_Cameras\Utah\2016-2017\Cam312_121216_Skunk,2016:12:29 12:00:02,312,0
E:\Trail_Cameras\Utah\2016-2017\Cam312_121216_Skunk,2016:12:29 12:00:03,312,0
E:\Trail_Cameras\Utah\2016-2017\Cam312_121216_Skunk,2016:12:29 17:52:38,312,0
E:\Trail_Cameras\Utah\2016-2017\Cam312_121216_Skunk,2016:12:29 17:52:39,312,0
E:\Trail_Cameras\Utah\2016-2017\Cam312_121216_Skunk,2016:12:29 17:52:40,312,0
E:\Trail_Cameras\Utah\2016-2017\Cam312_121216_Skunk,2016:12:29 18:13:46,312,0
E:\Trail_Cameras\Utah\2016-2017\Cam312_121216_Skunk,2016:12:29 18:13:47,312,0
E:\Trail_Cameras\Utah\2016-2017\Cam312_121216_Skunk,2016:12:29 18:13:48,312,0
E:\Trail_Cameras\Utah\2016-2017\Cam312_121216_Skunk,2016:12:30 09:51:11,312,0
E:\Trail_Cameras\Utah\2016-2017\Cam312_121216_Skunk,2016:12:30 09:51:12,312,0
E:\Trail_Cameras\Utah\2016-2017\Cam312_121216_Skunk,2016:12:30 09:51:13,312,0
E:\Trail_Cameras\Utah\2016-2017\Cam312_121216_Skunk,2016:12:30 14:46:23,312,0
E:\Trail_Cameras\Utah\2016-2017\Cam312_121216_Skunk,2016:12:30 14:46:24,312,0
E:\Trail_Cameras\Utah\2016-2017\Cam312_121216_Skunk,2016:12:30 14:46:25,312,0
E:\Trail_Cameras\Utah\2016-2017\Cam312_121216_Skunk,2016:12:30 14:51:27,312,0
E:\Trail_Cameras\Utah\2016-2017\Cam312_121216_Skunk,2016:12:30 14:51:28,312,0
E:\Trail_Cameras\Utah\2016-2017\Cam312_121216_Skunk,2016:12:30 14:51:29,312,0
E:\Trail_Cameras\Utah\2016-2017\Cam312_121216_Skunk,2016:12:30 15:34:06,312,0
E:\Trail_Cameras\Utah\2016-2017\Cam312_121216_Skunk,2016:12:30 15:34:07,312,0
E:\Trail_Cameras\Utah\2016-2017\Cam312_121216_Skunk,2016:12:30 15:34:09,312,0
E:\Trail_Cameras\Utah\2016-2017\Cam312_121216_Skunk,2016:12:30 18:28:58,312,0
E:\Trail_Cameras\Utah\2016-2017\Cam312_121216_Skunk,2016:12:30 18:28:59,312,0
E:\Trail_Cameras\Utah\2016-2017\Cam312_121216_Skunk,2016:12:30 18:29:00,312,0
E:\Trail_Cameras\Utah\2016-2017\Cam312_121216_Skunk,2016:12:30 21:05:42,312,0
E:\Trail_Cameras\Utah\2016-2017\Cam312_121216_Skunk,2016:12:30 21:05:43,312,0
E:\Trail_Cameras\Utah\2016-2017\Cam312_121216_Skunk,2016:12:30 21:05:44,312,0
E:\Trail_Cameras\Utah\2016-2017\Cam312_121216_Skunk,2016:12:31 00:44:54,312,0
E:\Trail_Cameras\Utah\2016-2017\Cam312_121216_Skunk,2016:12:31 00:44:55,312,0
E:\Trail_Cameras\Utah\2016-2017\Cam312_121216_Skunk,2016:12:31 00:44:56,312,0
E:\Trail_Cameras\Utah\2016-2017\Cam312_121216_Skunk,2016:12:31 00:44:57,312,0
E:\Trail_Cameras\Utah\2016-2017\Cam312_121216_Skunk,2016:12:31 00:44:58,312,0
E:\Trail_Cameras\Utah\2016-2017\Cam312_121216_Skunk,2016:12:31 00:44:59,312,0
E:\Trail_Cameras\Utah\2016-2017\Cam312_121216_Skunk,2016:12:31 10:28:23,312,0
E:\Trail_Cameras\Utah\2016-2017\Cam312_121216_Skunk,2016:12:31 10:28:24,312,0
E:\Trail_Cameras\Utah\2016-2017\Cam312_121216_Skunk,2016:12:31 10:28:25,312,0
E:\Trail_Cameras\Utah\2016-2017\Cam312_121216_Skunk,2016:12:31 11:08:20,312,0
E:\Trail_Cameras\Utah\2016-2017\Cam312_121216_Skunk,2016:12:31 11:08:21,312,0
E:\Trail_Cameras\Utah\2016-2017\Cam312_121216_Skunk,2016:12:31 11:08:22,312,0
E:\Trail_Cameras\Utah\2016-2017\Cam312_121216_Skunk,2016:12:31 17:54:05,312,0
E:\Trail_Cameras\Utah\2016-2017\Cam312_121216_Skunk,2016:12:31 17:54:06,312,0
E:\Trail_Cameras\Utah\2016-2017\Cam312_121216_Skunk,2016:12:31 17:54:07,312,0
E:\Trail_Cameras\Utah\2016-2017\Cam312_121216_Skunk,2016:12:31 17:57:08,312,0
E:\Trail_Cameras\Utah\2016-2017\Cam312_121216_Skunk,2016:12:31 17:57:09,312,0
E:\Trail_Cameras\Utah\2016-2017\Cam312_121216_Skunk,2016:12:31 17:57:10,312,0
E:\Trail_Cameras\Utah\2016-2017\Cam312_121216_Skunk,2016:12:31 19:17:20,312,0
E:\Trail_Cameras\Utah\2016-2017\Cam312_121216_Skunk,2016:12:31 19:17:21,312,0
E:\Trail_Cameras\Utah\2016-2017\Cam312_121216_Skunk,2016:12:31 19:17:22,312,0
E:\Trail_Cameras\Utah\2016-2017\Cam312_121216_Skunk,2016:12:31 21:02:38,312,0
E:\Trail_Cameras\Utah\2016-2017\Cam312_121216_Skunk,2016:12:31 21:02:39,312,0
E:\Trail_Cameras\Utah\2016-2017\Cam312_121216_Skunk,2016:12:31 21:02:40,312,0
E:\Trail_Cameras\Utah\2016-2017\Cam312_121216_Skunk,2017:01:01 06:19:14,312,0
E:\Trail_Cameras\Utah\2016-2017\Cam312_121216_Skunk,2017:01:01 06:19:16,312,0
E:\Trail_Cameras\Utah\2016-2017\Cam312_121216_Skunk,2017:01:01 06:19:17,312,0
E:\Trail_Cameras\Utah\2016-2017\Cam312_121216_Skunk,2017:01:01 10:51:00,312,0
E:\Trail_Cameras\Utah\2016-2017\Cam312_121216_Skunk,2017:01:01 10:51:02,312,0
E:\Trail_Cameras\Utah\2016-2017\Cam312_121216_Skunk,2017:01:01 10:51:03,312,0
E:\Trail_Cameras\Utah\2016-2017\Cam312_121216_Skunk,2017:01:01 17:13:12,312,0
E:\Trail_Cameras\Utah\2016-2017\Cam312_121216_Skunk,2017:01:01 17:13:13,312,0
E:\Trail_Cameras\Utah\2016-2017\Cam312_121216_Skunk,2017:01:01 17:13:14,312,0
E:\Trail_Cameras\Utah\2016-2017\Cam312_121216_Skunk,2017:01:01 17:56:25,312,0
E:\Trail_Cameras\Utah\2016-2017\Cam312_121216_Skunk,2017:01:01 17:56:26,312,0
E:\Trail_Cameras\Utah\2016-2017\Cam312_121216_Skunk,2017:01:01 17:56:27,312,0
E:\Trail_Cameras\Utah\2016-2017\Cam312_121216_Skunk,2017:01:01 18:55:27,312,0
E:\Trail_Cameras\Utah\2016-2017\Cam312_121216_Skunk,2017:01:01 18:55:28,312,0
E:\Trail_Cameras\Utah\2016-2017\Cam312_121216_Skunk,2017:01:01 18:55:29,312,0
E:\Trail_Cameras\Utah\2016-2017\Cam312_121216_Skunk,2017:01:01 20:05:49,312,0
E:\Trail_Cameras\Utah\2016-2017\Cam312_121216_Skunk,2017:01:01 20:05:50,312,0
E:\Trail_Cameras\Utah\2016-2017\Cam312_121216_Skunk,2017:01:01 20:05:51,312,0
E:\Trail_Cameras\Utah\2016-2017\Cam312_121216_Skunk,2017:01:01 22:00:01,312,0
E:\Trail_Cameras\Utah\2016-2017\Cam312_121216_Skunk,2017:01:01 22:00:02,312,0
E:\Trail_Cameras\Utah\2016-2017\Cam312_121216_Skunk,2017:01:01 22:00:03,312,0
E:\Trail_Cameras\Utah\2016-2017\Cam312_121216_Skunk,2017:01:02 11:21:04,312,0
E:\Trail_Cameras\Utah\2016-2017\Cam312_121216_Skunk,2017:01:02 11:21:05,312,0
E:\Trail_Cameras\Utah\2016-2017\Cam312_121216_Skunk,2017:01:02 11:21:06,312,0
E:\Trail_Cameras\Utah\2016-2017\Cam312_121216_Skunk,2017:01:02 11:21:13,312,0
E:\Trail_Cameras\Utah\2016-2017\Cam312_121216_Skunk,2017:01:02 11:21:14,312,0
E:\Trail_Cameras\Utah\2016-2017\Cam312_121216_Skunk,2017:01:02 11:21:15,312,0
E:\Trail_Cameras\Utah\2016-2017\Cam312_121216_Skunk,2017:01:02 11:22:38,312,0
E:\Trail_Cameras\Utah\2016-2017\Cam312_121216_Skunk,2017:01:02 11:22:39,312,0
E:\Trail_Cameras\Utah\2016-2017\Cam312_121216_Skunk,2017:01:02 11:22:40,312,0
E:\Trail_Cameras\Utah\2016-2017\Cam312_121216_Skunk,2017:01:02 11:22:41,312,0
E:\Trail_Cameras\Utah\2016-2017\Cam312_121216_Skunk,2017:01:02 11:22:42,312,0
E:\Trail_Cameras\Utah\2016-2017\Cam312_121216_Skunk,2017:01:02 11:22:43,312,0
E:\Trail_Cameras\Utah\2016-2017\Cam312_121216_Skunk,2017:01:02 11:22:44,312,0
E:\Trail_Cameras\Utah\2016-2017\Cam312_121216_Skunk,2017:01:02 11:22:45,312,0
E:\Trail_Cameras\Utah\2016-2017\Cam312_121216_Skunk,2017:01:02 11:22:46,312,0
E:\Trail_Cameras\Utah\2016-2017\Cam312_121216_Skunk,2017:01:02 11:22:47,312,0
E:\Trail_Cameras\Utah\2016-2017\Cam312_121216_Skunk,2017:01:02 11:22:48,312,0
E:\Trail_Cameras\Utah\2016-2017\Cam312_121216_Skunk,2017:01:02 11:22:49,312,0
E:\Trail_Cameras\Utah\2016-2017\Cam312_121216_Skunk,2017:01:02 11:22:51,312,0
E:\Trail_Cameras\Utah\2016-2017\Cam312_121216_Skunk,2017:01:02 11:22:52,312,0
E:\Trail_Cameras\Utah\2016-2017\Cam312_121216_Skunk,2017:01:02 11:22:53,312,0
E:\Trail_Cameras\Utah\2016-2017\Cam312_121216_Skunk,2017:01:02 11:22:54,312,0
E:\Trail_Cameras\Utah\2016-2017\Cam312_121216_Skunk,2017:01:02 11:22:56,312,0
E:\Trail_Cameras\Utah\2016-2017\Cam312_121216_Skunk,2017:01:02 11:22:57,312,0
E:\Trail_Cameras\Utah\2016-2017\Cam312_121216_Skunk,2017:01:02 11:22:58,312,0
E:\Trail_Cameras\Utah\2016-2017\Cam312_121216_Skunk,2017:01:02 11:22:59,312,0
E:\Trail_Cameras\Utah\2016-2017\Cam312_121216_Skunk,2017:01:02 11:23:00,312,0
E:\Trail_Cameras\Utah\2016-2017\Cam312_121216_Skunk,2017:01:02 11:23:01,312,0
E:\Trail_Cameras\Utah\2016-2017\Cam312_121216_Skunk,2017:01:02 11:23:02,312,0
E:\Trail_Cameras\Utah\2016-2017\Cam312_121216_Skunk,2017:01:02 11:23:03,312,0
E:\Trail_Cameras\Utah\2016-2017\Cam312_121216_Skunk,2017:01:02 11:23:06,312,0
E:\Trail_Cameras\Utah\2016-2017\Cam312_121216_Skunk,2017:01:02 11:23:07,312,0
E:\Trail_Cameras\Utah\2016-2017\Cam312_121216_Skunk,2017:01:02 11:23:08,312,0
E:\Trail_Cameras\Utah\2016-2017\Cam312_121216_Skunk,2017:01:02 11:23:09,312,0
E:\Trail_Cameras\Utah\2016-2017\Cam312_121216_Skunk,2017:01:02 11:23:10,312,0
E:\Trail_Cameras\Utah\2016-2017\Cam312_121216_Skunk,2017:01:02 11:23:11,312,0
E:\Trail_Cameras\Utah\2016-2017\Cam312_121216_Skunk,2017:01:02 11:23:13,312,0
E:\Trail_Cameras\Utah\2016-2017\Cam312_121216_Skunk,2017:01:02 11:23:14,312,0
E:\Trail_Cameras\Utah\2016-2017\Cam312_121216_Skunk,2017:01:02 11:23:15,312,0
E:\Trail_Cameras\Utah\2016-2017\Cam312_121216_Skunk,2017:01:02 11:23:16,312,0
E:\Trail_Cameras\Utah\2016-2017\Cam312_121216_Skunk,2017:01:02 11:23:17,312,0
E:\Trail_Cameras\Utah\2016-2017\Cam312_121216_Skunk,2017:01:02 11:23:18,312,0
E:\Trail_Cameras\Utah\2016-2017\Cam312_121216_Skunk,2017:01:02 11:23:19,312,0
E:\Trail_Cameras\Utah\2016-2017\Cam312_121216_Skunk,2017:01:02 11:23:20,312,0
E:\Trail_Cameras\Utah\2016-2017\Cam312_121216_Skunk,2017:01:02 11:23:21,312,0
E:\Trail_Cameras\Utah\2016-2017\Cam312_121216_Skunk,2017:01:02 11:23:22,312,0
E:\Trail_Cameras\Utah\2016-2017\Cam312_121216_Skunk,2017:01:02 11:23:23,312,0
E:\Trail_Cameras\Utah\2016-2017\Cam312_121216_Skunk,2017:01:02 11:23:24,312,0
E:\Trail_Cameras\Utah\2016-2017\Cam312_121216_Skunk,2017:01:02 11:23:26,312,0
E:\Trail_Cameras\Utah\2016-2017\Cam312_121216_Skunk,2017:01:02 11:23:27,312,0
E:\Trail_Cameras\Utah\2016-2017\Cam312_121216_Skunk,2017:01:02 11:23:28,312,0
E:\Trail_Cameras\Utah\2016-2017\Cam312_121216_Skunk,2017:01:02 11:23:36,312,0
E:\Trail_Cameras\Utah\2016-2017\Cam312_121216_Skunk,2017:01:02 11:23:37,312,0
E:\Trail_Cameras\Utah\2016-2017\Cam312_121216_Skunk,2017:01:02 11:23:38,312,0
E:\Trail_Cameras\Utah\2016-2017\Cam312_121216_Skunk,2017:01:02 11:23:40,312,0
E:\Trail_Cameras\Utah\2016-2017\Cam312_121216_Skunk,2017:01:02 11:23:41,312,0
E:\Trail_Cameras\Utah\2016-2017\Cam312_121216_Skunk,2017:01:02 11:23:42,312,0
E:\Trail_Cameras\Utah\2016-2017\Cam312_121216_Skunk,2017:01:02 11:23:44,312,0
E:\Trail_Cameras\Utah\2016-2017\Cam312_121216_Skunk,2017:01:02 11:23:45,312,0
E:\Trail_Cameras\Utah\2016-2017\Cam312_121216_Skunk,2017:01:02 11:23:46,312,0
E:\Trail_Cameras\Utah\2016-2017\Cam312_121216_Skunk,2017:01:02 11:23:47,312,0
E:\Trail_Cameras\Utah\2016-2017\Cam312_121216_Skunk,2017:01:02 11:23:48,312,0
E:\Trail_Cameras\Utah\2016-2017\Cam312_121216_Skunk,2017:01:02 11:23:49,312,0
E:\Trail_Cameras\Utah\2016-2017\Cam312_121216_Skunk,2017:01:02 11:23:51,312,0
E:\Trail_Cameras\Utah\2016-2017\Cam312_121216_Skunk,2017:01:02 11:23:52,312,0
E:\Trail_Cameras\Utah\2016-2017\Cam312_121216_Skunk,2017:01:02 11:23:53,312,0
E:\Trail_Cameras\Utah\2016-2017\Cam312_121216_Skunk,2017:01:02 11:23:54,312,0
E:\Trail_Cameras\Utah\2016-2017\Cam312_121216_Skunk,2017:01:02 11:23:55,312,0
E:\Trail_Cameras\Utah\2016-2017\Cam312_121216_Skunk,2017:01:02 11:23:56,312,0
E:\Trail_Cameras\Utah\2016-2017\Cam312_121216_Skunk,2017:01:02 11:23:57,312,0
E:\Trail_Cameras\Utah\2016-2017\Cam312_121216_Skunk,2017:01:02 11:23:58,312,0
E:\Trail_Cameras\Utah\2016-2017\Cam312_121216_Skunk,2017:01:02 11:23:59,312,0
E:\Trail_Cameras\Utah\2016-2017\Cam312_121216_Skunk,2017:01:02 11:24:00,312,0
E:\Trail_Cameras\Utah\2016-2017\Cam312_121216_Skunk,2017:01:02 11:24:01,312,0
E:\Trail_Cameras\Utah\2016-2017\Cam312_121216_Skunk,2017:01:02 11:24:02,312,0
E:\Trail_Cameras\Utah\2016-2017\Cam312_121216_Skunk,2017:01:02 11:24:04,312,0
E:\Trail_Cameras\Utah\2016-2017\Cam312_121216_Skunk,2017:01:02 11:24:05,312,0
E:\Trail_Cameras\Utah\2016-2017\Cam312_121216_Skunk,2017:01:02 11:24:06,312,0
E:\Trail_Cameras\Utah\2016-2017\Cam312_121216_Skunk,2017:01:02 11:24:11,312,0
E:\Trail_Cameras\Utah\2016-2017\Cam312_121216_Skunk,2017:01:02 11:24:12,312,0
E:\Trail_Cameras\Utah\2016-2017\Cam312_121216_Skunk,2017:01:02 11:24:13,312,0
E:\Trail_Cameras\Utah\2016-2017\Cam312_121216_Skunk,2017:01:02 11:24:15,312,0
E:\Trail_Cameras\Utah\2016-2017\Cam312_121216_Skunk,2017:01:02 11:24:16,312,0
E:\Trail_Cameras\Utah\2016-2017\Cam312_121216_Skunk,2017:01:02 11:24:17,312,0
E:\Trail_Cameras\Utah\2016-2017\Cam312_121216_Skunk,2017:01:02 11:24:18,312,0
E:\Trail_Cameras\Utah\2016-2017\Cam312_121216_Skunk,2017:01:02 11:24:19,312,0
E:\Trail_Cameras\Utah\2016-2017\Cam312_121216_Skunk,2017:01:02 11:24:20,312,0
E:\Trail_Cameras\Utah\2016-2017\Cam312_121216_Skunk,2017:01:02 11:24:21,312,0
E:\Trail_Cameras\Utah\2016-2017\Cam312_121216_Skunk,2017:01:02 11:24:22,312,0
E:\Trail_Cameras\Utah\2016-2017\Cam312_121216_Skunk,2017:01:02 11:24:23,312,0
E:\Trail_Cameras\Utah\2016-2017\Cam312_121216_Skunk,2017:01:02 11:24:24,312,0
E:\Trail_Cameras\Utah\2016-2017\Cam312_121216_Skunk,2017:01:02 11:24:25,312,0
E:\Trail_Cameras\Utah\2016-2017\Cam312_121216_Skunk,2017:01:02 11:24:26,312,0
E:\Trail_Cameras\Utah\2016-2017\Cam312_121216_Skunk,2017:01:02 11:24:27,312,0
E:\Trail_Cameras\Utah\2016-2017\Cam312_121216_Skunk,2017:01:02 11:24:28,312,0
E:\Trail_Cameras\Utah\2016-2017\Cam312_121216_Skunk,2017:01:02 11:24:29,312,0
E:\Trail_Cameras\Utah\2016-2017\Cam312_121216_Skunk,2017:01:02 11:24:30,312,0
E:\Trail_Cameras\Utah\2016-2017\Cam312_121216_Skunk,2017:01:02 11:24:31,312,0
E:\Trail_Cameras\Utah\2016-2017\Cam312_121216_Skunk,2017:01:02 11:24:32,312,0
E:\Trail_Cameras\Utah\2016-2017\Cam312_121216_Skunk,2017:01:02 11:24:33,312,0
E:\Trail_Cameras\Utah\2016-2017\Cam312_121216_Skunk,2017:01:02 11:24:34,312,0
E:\Trail_Cameras\Utah\2016-2017\Cam312_121216_Skunk,2017:01:02 11:24:35,312,0
E:\Trail_Cameras\Utah\2016-2017\Cam312_121216_Skunk,2017:01:02 11:24:36,312,0
E:\Trail_Cameras\Utah\2016-2017\Cam312_121216_Skunk,2017:01:02 11:24:37,312,0
E:\Trail_Cameras\Utah\2016-2017\Cam312_121216_Skunk,2017:01:02 11:24:38,312,0
E:\Trail_Cameras\Utah\2016-2017\Cam312_121216_Skunk,2017:01:02 11:24:40,312,0
E:\Trail_Cameras\Utah\2016-2017\Cam312_121216_Skunk,2017:01:02 11:24:41,312,0
E:\Trail_Cameras\Utah\2016-2017\Cam312_121216_Skunk,2017:01:02 11:24:42,312,0
E:\Trail_Cameras\Utah\2016-2017\Cam312_121216_Skunk,2017:01:02 11:24:43,312,0
E:\Trail_Cameras\Utah\2016-2017\Cam312_121216_Skunk,2017:01:02 11:24:44,312,0
E:\Trail_Cameras\Utah\2016-2017\Cam312_121216_Skunk,2017:01:02 11:24:46,312,0
E:\Trail_Cameras\Utah\2016-2017\Cam312_121216_Skunk,2017:01:02 11:24:47,312,0
E:\Trail_Cameras\Utah\2016-2017\Cam312_121216_Skunk,2017:01:02 11:24:49,312,0
E:\Trail_Cameras\Utah\2016-2017\Cam312_121216_Skunk,2017:01:02 11:24:50,312,0
E:\Trail_Cameras\Utah\2016-2017\Cam312_121216_Skunk,2017:01:02 11:24:53,312,0
E:\Trail_Cameras\Utah\2016-2017\Cam312_121216_Skunk,2017:01:02 11:24:54,312,0
E:\Trail_Cameras\Utah\2016-2017\Cam312_121216_Skunk,2017:01:02 11:24:55,312,0
E:\Trail_Cameras\Utah\2016-2017\Cam312_121216_Skunk,2017:01:02 11:24:56,312,0
E:\Trail_Cameras\Utah\2016-2017\Cam312_121216_Skunk,2017:01:02 11:24:57,312,0
E:\Trail_Cameras\Utah\2016-2017\Cam312_121216_Skunk,2017:01:02 11:24:58,312,0
E:\Trail_Cameras\Utah\2016-2017\Cam312_121216_Skunk,2017:01:02 11:25:05,312,0
E:\Trail_Cameras\Utah\2016-2017\Cam312_121216_Skunk,2017:01:02 11:25:06,312,0
E:\Trail_Cameras\Utah\2016-2017\Cam312_121216_Skunk,2017:01:02 11:25:07,312,0
E:\Trail_Cameras\Utah\2016-2017\Cam312_121216_Skunk,2017:01:02 11:25:08,312,0
E:\Trail_Cameras\Utah\2016-2017\Cam312_121216_Skunk,2017:01:02 11:25:09,312,0
E:\Trail_Cameras\Utah\2016-2017\Cam312_121216_Skunk,2017:01:02 11:25:10,312,0
E:\Trail_Cameras\Utah\2016-2017\Cam312_121216_Skunk,2017:01:02 11:25:21,312,0
E:\Trail_Cameras\Utah\2016-2017\Cam312_121216_Skunk,2017:01:02 11:25:22,312,0
E:\Trail_Cameras\Utah\2016-2017\Cam312_121216_Skunk,2017:01:02 11:25:23,312,0
E:\Trail_Cameras\Utah\2016-2017\Cam312_121216_Skunk,2017:01:02 11:25:24,312,0
E:\Trail_Cameras\Utah\2016-2017\Cam312_121216_Skunk,2017:01:02 11:25:25,312,0
E:\Trail_Cameras\Utah\2016-2017\Cam312_121216_Skunk,2017:01:02 11:25:26,312,0
E:\Trail_Cameras\Utah\2016-2017\Cam312_121216_Skunk,2017:01:02 11:26:39,312,0
E:\Trail_Cameras\Utah\2016-2017\Cam312_121216_Skunk,2017:01:02 11:26:40,312,0
E:\Trail_Cameras\Utah\2016-2017\Cam312_121216_Skunk,2017:01:02 11:26:41,312,0
E:\Trail_Cameras\Utah\2016-2017\Cam312_121216_Skunk,2017:01:02 11:27:58,312,0
E:\Trail_Cameras\Utah\2016-2017\Cam312_121216_Skunk,2017:01:02 11:27:59,312,0
E:\Trail_Cameras\Utah\2016-2017\Cam312_121216_Skunk,2017:01:02 11:28:00,312,0
E:\Trail_Cameras\Utah\2016-2017\Cam312_121216_Skunk,2017:01:02 11:28:01,312,0
E:\Trail_Cameras\Utah\2016-2017\Cam312_121216_Skunk,2017:01:02 11:28:02,312,0
E:\Trail_Cameras\Utah\2016-2017\Cam312_121216_Skunk,2017:01:02 11:28:03,312,0
E:\Trail_Cameras\Utah\2016-2017\Cam312_121216_Skunk,2017:01:02 11:29:32,312,0
E:\Trail_Cameras\Utah\2016-2017\Cam312_121216_Skunk,2017:01:02 11:29:34,312,0
E:\Trail_Cameras\Utah\2016-2017\Cam312_121216_Skunk,2017:01:02 11:29:35,312,0
E:\Trail_Cameras\Utah\2016-2017\Cam312_121216_Skunk,2017:01:02 11:32:16,312,0
E:\Trail_Cameras\Utah\2016-2017\Cam312_121216_Skunk,2017:01:02 11:32:18,312,0
E:\Trail_Cameras\Utah\2016-2017\Cam312_121216_Skunk,2017:01:02 11:32:20,312,0
E:\Trail_Cameras\Utah\2016-2017\Cam312_121216_Skunk,2017:01:02 11:35:02,312,0
E:\Trail_Cameras\Utah\2016-2017\Cam312_121216_Skunk,2017:01:02 11:35:03,312,0
E:\Trail_Cameras\Utah\2016-2017\Cam312_121216_Skunk,2017:01:02 11:35:05,312,0
E:\Trail_Cameras\Utah\2016-2017\Cam312_121216_Skunk,2017:01:02 11:35:07,312,0
E:\Trail_Cameras\Utah\2016-2017\Cam312_121216_Skunk,2017:01:02 11:35:09,312,0
E:\Trail_Cameras\Utah\2016-2017\Cam312_121216_Skunk,2017:01:02 11:35:10,312,0
E:\Trail_Cameras\Utah\2016-2017\Cam312_121216_Skunk,2017:01:02 11:35:30,312,0
E:\Trail_Cameras\Utah\2016-2017\Cam312_121216_Skunk,2017:01:02 11:35:32,312,0
E:\Trail_Cameras\Utah\2016-2017\Cam312_121216_Skunk,2017:01:02 11:35:33,312,0
E:\Trail_Cameras\Utah\2016-2017\Cam312_121216_Skunk,2017:01:02 11:35:41,312,0
E:\Trail_Cameras\Utah\2016-2017\Cam312_121216_Skunk,2017:01:02 11:35:42,312,0
E:\Trail_Cameras\Utah\2016-2017\Cam312_121216_Skunk,2017:01:02 11:35:44,312,0
E:\Trail_Cameras\Utah\2016-2017\Cam312_121216_Skunk,2017:01:02 11:35:45,312,0
E:\Trail_Cameras\Utah\2016-2017\Cam312_121216_Skunk,2017:01:02 11:35:47,312,0
E:\Trail_Cameras\Utah\2016-2017\Cam312_121216_Skunk,2017:01:02 11:35:49,312,0
E:\Trail_Cameras\Utah\2016-2017\Cam312_121216_Skunk,2017:01:02 11:35:52,312,0
E:\Trail_Cameras\Utah\2016-2017\Cam312_121216_Skunk,2017:01:02 11:35:53,312,0
E:\Trail_Cameras\Utah\2016-2017\Cam312_121216_Skunk,2017:01:02 11:35:54,312,0
E:\Trail_Cameras\Utah\2016-2017\Cam312_121216_Skunk,2017:01:02 11:35:55,312,0
E:\Trail_Cameras\Utah\2016-2017\Cam312_121216_Skunk,2017:01:02 11:35:56,312,0
E:\Trail_Cameras\Utah\2016-2017\Cam312_121216_Skunk,2017:01:02 11:35:57,312,0
E:\Trail_Cameras\Utah\2016-2017\Cam312_121216_Skunk,2017:01:02 11:36:00,312,0
E:\Trail_Cameras\Utah\2016-2017\Cam312_121216_Skunk,2017:01:02 11:36:01,312,0
E:\Trail_Cameras\Utah\2016-2017\Cam312_121216_Skunk,2017:01:02 11:36:02,312,0
E:\Trail_Cameras\Utah\2016-2017\Cam312_121216_Skunk,2017:01:02 11:36:05,312,0
E:\Trail_Cameras\Utah\2016-2017\Cam312_121216_Skunk,2017:01:02 11:36:06,312,0
E:\Trail_Cameras\Utah\2016-2017\Cam312_121216_Skunk,2017:01:02 11:36:07,312,0
E:\Trail_Cameras\Utah\2016-2017\Cam312_121216_Skunk,2017:01:02 11:36:13,312,0
E:\Trail_Cameras\Utah\2016-2017\Cam312_121216_Skunk,2017:01:02 11:36:14,312,0
E:\Trail_Cameras\Utah\2016-2017\Cam312_121216_Skunk,2017:01:02 11:36:15,312,0
E:\Trail_Cameras\Utah\2016-2017\Cam312_121216_Skunk,2017:01:02 14:46:50,312,0
E:\Trail_Cameras\Utah\2016-2017\Cam312_121216_Skunk,2017:01:02 14:46:52,312,0
E:\Trail_Cameras\Utah\2016-2017\Cam312_121216_Skunk,2017:01:02 14:46:53,312,0
E:\Trail_Cameras\Utah\2016-2017\Cam312_121216_Skunk,2017:01:02 14:46:58,312,0
E:\Trail_Cameras\Utah\2016-2017\Cam312_121216_Skunk,2017:01:02 14:46:59,312,0
E:\Trail_Cameras\Utah\2016-2017\Cam312_121216_Skunk,2017:01:02 14:47:00,312,0
E:\Trail_Cameras\Utah\2016-2017\Cam312_121216_Skunk,2017:01:02 14:47:01,312,0
E:\Trail_Cameras\Utah\2016-2017\Cam312_121216_Skunk,2017:01:02 14:47:02,312,0
E:\Trail_Cameras\Utah\2016-2017\Cam312_121216_Skunk,2017:01:02 14:47:03,312,0
E:\Trail_Cameras\Utah\2016-2017\Cam312_121216_Skunk,2017:01:02 14:47:06,312,0
E:\Trail_Cameras\Utah\2016-2017\Cam312_121216_Skunk,2017:01:02 14:47:07,312,0
E:\Trail_Cameras\Utah\2016-2017\Cam312_121216_Skunk,2017:01:02 14:47:08,312,0
E:\Trail_Cameras\Utah\2016-2017\Cam312_121216_Skunk,2017:01:02 14:47:10,312,0
E:\Trail_Cameras\Utah\2016-2017\Cam312_121216_Skunk,2017:01:02 14:47:11,312,0
E:\Trail_Cameras\Utah\2016-2017\Cam312_121216_Skunk,2017:01:02 14:47:12,312,0
E:\Trail_Cameras\Utah\2016-2017\Cam312_121216_Skunk,2017:01:02 14:47:13,312,0
E:\Trail_Cameras\Utah\2016-2017\Cam312_121216_Skunk,2017:01:02 14:47:14,312,0
E:\Trail_Cameras\Utah\2016-2017\Cam312_121216_Skunk,2017:01:02 14:47:15,312,0
E:\Trail_Cameras\Utah\2016-2017\Cam312_121216_Skunk,2017:01:02 14:47:16,312,0
E:\Trail_Cameras\Utah\2016-2017\Cam312_121216_Skunk,2017:01:02 14:47:17,312,0
E:\Trail_Cameras\Utah\2016-2017\Cam312_121216_Skunk,2017:01:02 14:47:19,312,0
E:\Trail_Cameras\Utah\2016-2017\Cam312_121216_Skunk,2017:01:02 14:47:20,312,0
E:\Trail_Cameras\Utah\2016-2017\Cam312_121216_Skunk,2017:01:02 14:47:21,312,0
E:\Trail_Cameras\Utah\2016-2017\Cam312_121216_Skunk,2017:01:02 14:47:22,312,0
E:\Trail_Cameras\Utah\2016-2017\Cam312_121216_Skunk,2017:01:02 14:47:23,312,0
E:\Trail_Cameras\Utah\2016-2017\Cam312_121216_Skunk,2017:01:02 14:47:24,312,0
E:\Trail_Cameras\Utah\2016-2017\Cam312_121216_Skunk,2017:01:02 14:47:25,312,0
E:\Trail_Cameras\Utah\2016-2017\Cam312_121216_Skunk,2017:01:02 14:47:27,312,0
E:\Trail_Cameras\Utah\2016-2017\Cam312_121216_Skunk,2017:01:02 14:47:28,312,0
E:\Trail_Cameras\Utah\2016-2017\Cam312_121216_Skunk,2017:01:02 14:47:29,312,0
E:\Trail_Cameras\Utah\2016-2017\Cam312_121216_Skunk,2017:01:02 14:47:31,312,0
E:\Trail_Cameras\Utah\2016-2017\Cam312_121216_Skunk,2017:01:02 14:47:32,312,0
E:\Trail_Cameras\Utah\2016-2017\Cam312_121216_Skunk,2017:01:02 14:47:33,312,0
E:\Trail_Cameras\Utah\2016-2017\Cam312_121216_Skunk,2017:01:02 14:47:35,312,0
E:\Trail_Cameras\Utah\2016-2017\Cam312_121216_Skunk,2017:01:02 14:47:36,312,0
E:\Trail_Cameras\Utah\2016-2017\Cam312_121216_Skunk,2017:01:02 14:47:37,312,0
E:\Trail_Cameras\Utah\2016-2017\Cam312_121216_Skunk,2017:01:02 14:47:38,312,0
E:\Trail_Cameras\Utah\2016-2017\Cam312_121216_Skunk,2017:01:02 14:47:40,312,0
E:\Trail_Cameras\Utah\2016-2017\Cam312_121216_Skunk,2017:01:02 14:47:41,312,0
E:\Trail_Cameras\Utah\2016-2017\Cam312_121216_Skunk,2017:01:02 14:47:42,312,0
E:\Trail_Cameras\Utah\2016-2017\Cam312_121216_Skunk,2017:01:02 14:47:43,312,0
E:\Trail_Cameras\Utah\2016-2017\Cam312_121216_Skunk,2017:01:02 14:47:44,312,0
E:\Trail_Cameras\Utah\2016-2017\Cam312_121216_Skunk,2017:01:02 14:47:45,312,0
E:\Trail_Cameras\Utah\2016-2017\Cam312_121216_Skunk,2017:01:02 14:47:46,312,0
E:\Trail_Cameras\Utah\2016-2017\Cam312_121216_Skunk,2017:01:02 14:47:47,312,0
E:\Trail_Cameras\Utah\2016-2017\Cam312_121216_Skunk,2017:01:02 14:47:51,312,0
E:\Trail_Cameras\Utah\2016-2017\Cam312_121216_Skunk,2017:01:02 14:47:52,312,0
E:\Trail_Cameras\Utah\2016-2017\Cam312_121216_Skunk,2017:01:02 14:47:53,312,0
E:\Trail_Cameras\Utah\2016-2017\Cam312_121216_Skunk,2017:01:02 14:47:54,312,0
E:\Trail_Cameras\Utah\2016-2017\Cam312_121216_Skunk,2017:01:02 14:47:55,312,0
E:\Trail_Cameras\Utah\2016-2017\Cam312_121216_Skunk,2017:01:02 14:47:56,312,0
E:\Trail_Cameras\Utah\2016-2017\Cam312_121216_Skunk,2017:01:02 14:47:57,312,0
E:\Trail_Cameras\Utah\2016-2017\Cam312_121216_Skunk,2017:01:02 14:47:58,312,0
E:\Trail_Cameras\Utah\2016-2017\Cam312_121216_Skunk,2017:01:02 14:47:59,312,0
E:\Trail_Cameras\Utah\2016-2017\Cam312_121216_Skunk,2017:01:02 14:48:00,312,0
E:\Trail_Cameras\Utah\2016-2017\Cam312_121216_Skunk,2017:01:02 14:48:02,312,0
E:\Trail_Cameras\Utah\2016-2017\Cam312_121216_Skunk,2017:01:02 14:48:03,312,0
E:\Trail_Cameras\Utah\2016-2017\Cam312_121216_Skunk,2017:01:02 14:48:52,312,0
E:\Trail_Cameras\Utah\2016-2017\Cam312_121216_Skunk,2017:01:02 14:48:53,312,0
E:\Trail_Cameras\Utah\2016-2017\Cam312_121216_Skunk,2017:01:02 14:48:54,312,0
E:\Trail_Cameras\Utah\2016-2017\Cam312_121216_Skunk,2017:01:02 14:48:55,312,0
E:\Trail_Cameras\Utah\2016-2017\Cam312_121216_Skunk,2017:01:02 14:48:56,312,0
E:\Trail_Cameras\Utah\2016-2017\Cam312_121216_Skunk,2017:01:02 14:48:57,312,0
E:\Trail_Cameras\Utah\2016-2017\Cam312_121216_Skunk,2017:01:02 14:50:23,312,0
E:\Trail_Cameras\Utah\2016-2017\Cam312_121216_Skunk,2017:01:02 14:50:24,312,0
E:\Trail_Cameras\Utah\2016-2017\Cam312_121216_Skunk,2017:01:02 14:50:25,312,0
E:\Trail_Cameras\Utah\2016-2017\Cam312_121216_Skunk,2017:01:02 14:50:41,312,0
E:\Trail_Cameras\Utah\2016-2017\Cam312_121216_Skunk,2017:01:02 14:50:42,312,0
E:\Trail_Cameras\Utah\2016-2017\Cam312_121216_Skunk,2017:01:02 14:50:43,312,0
E:\Trail_Cameras\Utah\2016-2017\Cam312_121216_Skunk,2017:01:02 16:12:56,312,0
E:\Trail_Cameras\Utah\2016-2017\Cam312_121216_Skunk,2017:01:02 16:12:57,312,0
E:\Trail_Cameras\Utah\2016-2017\Cam312_121216_Skunk,2017:01:02 16:12:58,312,0
E:\Trail_Cameras\Utah\2016-2017\Cam312_121216_Skunk,2017:01:02 17:02:35,312,0
E:\Trail_Cameras\Utah\2016-2017\Cam312_121216_Skunk,2017:01:02 17:02:38,312,0
E:\Trail_Cameras\Utah\2016-2017\Cam312_121216_Skunk,2017:01:02 17:02:39,312,0
E:\Trail_Cameras\Utah\2016-2017\Cam312_121216_Skunk,2017:01:03 09:45:43,312,0
E:\Trail_Cameras\Utah\2016-2017\Cam312_121216_Skunk,2017:01:03 09:45:44,312,0
E:\Trail_Cameras\Utah\2016-2017\Cam312_121216_Skunk,2017:01:03 09:45:45,312,0
